TikTok Metadata,,,,,,,,,,,,Song Metadata,,,,,Time Length,,,BPM,,Lyrics,,,,,,
Song Rank,Link,Video File Name,Creator,Follower Count,Category,Verified?,Like Count,View Count,Like Count (M),View Count (M),Post Date,Name,Artist,Genre,Release Year,"Notes (remixed, another audio overlayed, etc)",Length of Song,Clip Timestamp,Clip Length (sec),Avg BPM of Full Song,Avg BPM of Clip,Full - Total word #,Full - Total unique word#,Full - Repetition Ratio,Clip - Total word #,Clip - Total unique word#,Clip - Repetition Ratio,Clip Location
1,https://www.tiktok.com/@amarianiyaa/video/7504118311492373802?_r=1&_t=ZT-95Btcfv8Xkr,PrettyLittleBaby_1,@amarianiyaa,"164,800",Wholesome/Emotional,0,21.4M,115.5M,21.4,115.5,5/13/25,Pretty Little Baby,Connie Francis,Pop,1962,,2:22,0:31 - 0:47,16,121,121,199,70,0.6482,52,36,0.3077,Verse
1,https://www.tiktok.com/@christiecharm/video/7498816166710791442?is_from_webapp=1&sender_device=pc&web_id=7623783917820364302,PrettyLittleBaby_2,@christiecharm,"2,600,000",Lip Sync,0,12.5M,90.5M,12.5,90.5,4/29/25,Pretty Little Baby,Connie Francis,Pop,1962,,2:22,0:31 - 0:44,13,121,,199,70,0.6482,,,,Verse
1,https://www.tiktok.com/@oceanicglow3/video/7535666693339630903?is_from_webapp=1&sender_device=pc&web_id=7623783917820364302,PrettyLittleBaby_3,@oceanicglow3,"1,000,000",Animals,0,9.5M,117.2M,9.5,117.2,8/6/25,Pretty Little Baby,Connie Francis,Pop,1962,,2:22,0:31 - 1:37,66,121,,199,70,0.6482,,,,
1,https://www.tiktok.com/@ciklalyfernandez06/video/7500459815567789358?is_from_webapp=1&sender_device=pc&web_id=7623783917820364302,PrettyLittleBaby_4,@ciklalyfernandez06,"1,100,000",Lip Sync,0,8M,70M,8,70,5/4/25,Pretty Little Baby,Connie Francis,Pop,1962,,2:22,0:31 - 0:40,9,121,,199,70,0.6482,,,,Verse
1,https://www.tiktok.com/@brijoles_/video/7503685598272589099?is_from_webapp=1&sender_device=pc&web_id=7623783917820364302,PrettyLittleBaby_5,@brijoles_,"113,200",Animals,0,7.1M,36.1M,7.1,36.1,5/12/25,Pretty Little Baby,Connie Francis,Pop,1962,,2:22,0:31 - 0:43,12,121,,199,70,0.6482,,,,Verse
1,https://www.tiktok.com/@bubblesbobita/video/7507252992047992107?is_from_webapp=1&sender_device=pc&web_id=7623783917820364302,PrettyLittleBaby_6,@bubblesbobita,"53,400",Animals,0,6.5M,27.4M,6.5,27.4,5/22/25,Pretty Little Baby,Connie Francis,Pop,1962,,2:22,0:31 - 0:40,9,121,,199,70,0.6482,,,,Verse
1,https://www.tiktok.com/@sammielys/video/7512585614978649390?is_from_webapp=1&sender_device=pc&web_id=7623783917820364302,PrettyLittleBaby_7,@sammielys,"7,100",Aesthetic,0,4.9M,33.5M,4.9,33.5,6/5/25,Pretty Little Baby,Connie Francis,Pop,1962,,2:22,0:31 - 0:44,13,121,,199,70,0.6482,,,,Verse
1,https://www.tiktok.com/@couture.to.the.max/video/7514349771985833262?is_from_webapp=1&sender_device=pc&web_id=7623783917820364302,PrettyLittleBaby_8,@couture.to.the.max,"3,700,000",Aesthetic,0,4.9M,39.8M,4.9,39.8,6/10/25,Pretty Little Baby,Connie Francis,Pop,1962,,2:22,0:31 - 1:32,61,121,,199,70,0.6482,,,,
1,https://www.tiktok.com/@animalsbehaviour/video/7530143812136602911?is_from_webapp=1&sender_device=pc&web_id=7623783917820364302,PrettyLittleBaby_9,@animalsbehaviour,"655,600",Animals,0,4.4M,38.9M,4.4,38.9,7/23/25,Pretty Little Baby,Connie Francis,Pop,1962,,2:22,0:31 - 1:31,60,121,,199,70,0.6482,,,,
1,https://www.tiktok.com/@brookemonk_/video/7504411471988804894?is_from_webapp=1&sender_device=pc&web_id=7623783917820364302,PrettyLittleBaby_10,@brookemonk_,"46,500,000",Tutorial,1,4.3M,34.3M,4.3,34.3,5/14/25,Pretty Little Baby,Connie Francis,Pop,1962,,2:22,0:31 - 0:46,15,121,,199,70,0.6482,,,,Verse
2,https://www.tiktok.com/@bben9450/video/7523242837467598102?_r=1&_t=ZT-95BtYuVmUfu,HoldMyHand_1,@bben9450,"192,900",Humor,0,42.2M,344.2M,42.2,344.2,7/4/25,Hold My Hand,Jess Glynne,Dancehall,2015,Overlayed w/ Jet 2 Holiday,3:47,0:49 - 0:54,5,123,,196,84,0.5714,40,25,0.3750,Chorus
2,https://www.tiktok.com/@ogsyde/video/7533031324186086678?is_from_webapp=1&sender_device=pc&web_id=7623783917820364302,HoldMyHand_2,@ogsyde,"123,200",Animals,0,20.6M,216.4M,20.6,216.4,7/30/2025,Hold My Hand,Jess Glynne,Dancehall,2015,Overlayed w/ Jet 2 Holiday,3:47,0:49 - 0:55,6,123,,196,,,,,,
2,https://www.tiktok.com/@eagleyes2/video/7539696675376450830?is_from_webapp=1&sender_device=pc&web_id=7623783917820364302,HoldMyHand_3,@eagleyes2,"45,600",Humor,0,17.2M,179.2M,17.2,179.2,8/17/2025,Hold My Hand,Jess Glynne,Dancehall,2015,Overlayed w/ Jet 2 Holiday,3:47,0:49 - 1:11,22,123,,196,,,,,,
2,https://www.tiktok.com/@lovedby4bxnia/video/7529657626947374349?is_from_webapp=1&sender_device=pc&web_id=7623783917820364302,HoldMyHand_4,@lovedby4bxnia,"54,500",Humor,0,16.7M,129.3M,16.7,129.3,7/21/2025,Hold My Hand,Jess Glynne,Dancehall,2015,Overlayed w/ Jet 2 Holiday,3:47,0:49 - 0:54,5,123,,196,,,,,,
2,https://www.tiktok.com/@outdoor_comp/video/7529744962682948870?is_from_webapp=1&sender_device=pc&web_id=7623783917820364302,HoldMyHand_5,@outdoor_comp,"114,800",Humor,0,16.7M,380.4M,16.7,380.4,7/22/2025,Hold My Hand,Jess Glynne,Dancehall,2015,Overlayed w/ Jet 2 Holiday,3:47,0:49 - 0:56,7,123,,196,,,,,,
2,https://www.tiktok.com/@d5l1ko/video/7523981366543879446?is_from_webapp=1&sender_device=pc&web_id=7623783917820364302,HoldMyHand_6,@d5l1ko,"28,500",Humor,0,16.3M,173.8M,16.3,173.8,7/6/2025,Hold My Hand,Jess Glynne,Dancehall,2015,Overlayed w/ Jet 2 Holiday,3:47,0:49 - 0:57,8,123,,196,,,,,,
2,https://www.tiktok.com/@nenepet99/video/7518009850849447175?is_from_webapp=1&sender_device=pc&web_id=7623783917820364302,HoldMyHand_7,@nenepet99,"39,000",Humor,0,15.6M,163.7M,15.6,163.7,6/20/2025,Hold My Hand,Jess Glynne,Dancehall,2015,Overlayed w/ Jet 2 Holiday,3:47,0:49 - 0:57,8,123,,196,,,,,,
2,https://www.tiktok.com/@abigailmstowe/video/7516946864562965762?is_from_webapp=1&sender_device=pc&web_id=7623783917820364302,HoldMyHand_8,@abigailmstowe,"18,100",Humor,0,15.2M,91.5M,15.2,91.5,6/17/2025,Hold My Hand,Jess Glynne,Dancehall,2015,Overlayed w/ Jet 2 Holiday,3:47,0:49 - 1:02,13,123,,196,,,,,,
2,https://www.tiktok.com/@sawyers.8._/video/7541049936268233990?is_from_webapp=1&sender_device=pc&web_id=7623783917820364302,HoldMyHand_9,@sawyers.8._,"57,500",Humor,0,14.5M,162.2M,,,8/21/2025,Hold My Hand,Jess Glynne,Dancehall,2015,Overlayed w/ Jet 2 Holiday,3:47,0:49 - 0:58,9,123,,196,,,,,,
2,https://www.tiktok.com/@dvolchenko08/video/7527751737021713670,HoldMyHand_10,@dvolchenko08,"32,000",Humor,0,14M,132.3M,,,7/16/2025,Hold My Hand,Jess Glynne,Dancehall,2015,Overlayed w/ Jet 2 Holiday,3:47,0:49 - 0:58,9,123,,,,,,,,
3,https://www.tiktok.com/t/ZTk6emP8N/,RockThatBody_1,@pomkori,"2,800,000",Animals,0,10.4M,66.8M,10.4,66.8,6/25/2025,Rock That Body,Black Eyed Peas,Electropop,2009,Lumarii Remix,3:56,0:30 - 0:41,11,125,129,666,156,0.7658,26,15,0.4231,Pre-Chorus
3,https://www.tiktok.com/@aselmustafaeva7/video/7535857596809645330?_r=1&_t=ZT-95gFyxVBYS5,RockThatBody_2,@aselmustafaeva7,"4,900,000",Lip Sync,0,6.5M,77.7M,6.5,77.7,8/7/2025,Rock That Body,Black Eyed Peas,Electropop,2009,,3:56,0:26 - 0:41,15,,,,,,,,,Intro + Pre Chorus
3,https://www.tiktok.com/t/ZTkuvruMD/,RockThatBody_3,@lianaparmezana,"6,400,000",Lip Sync,0,4.3M,123.5M,4.3,123.5,8/17/2025,Rock That Body,Black Eyed Peas,Black Eyed Peas,2009,,3:56,0:26 - 0:39,13,,,,,,,,,Intro + Pre Chorus
3,https://www.tiktok.com/t/ZTkuvjubS/,RockThatBody_4,@clixx.editzz,"38,100",Edit,0,4.1M,30.3M,4.1,30.3,6/10/2025,Rock That Body,Black Eyed Peas,Electropop,2009,Lumarii Remix,3:56,0:31 - 0:45,14,,,,,,,,,Pre Chorus
3,https://www.tiktok.com/t/ZTkuv5uKF/,RockThatBody_5,@sixtyrich,"5,600,000",Lip Sync,0,3.8M,28.4M,3.8,28.4,9/9/2025,Rock That Body,Black Eyed Peas,Electropop,2009,,3:56,0:26 - 0:37,11,,,,,,,,,Intro + Pre Chorus
3,https://www.tiktok.com/t/ZTkuvu7HB/,RockThatBody_6,@fluttaflyz,"691,900",Hair + Makeup,0,3.7M,42.2M,3.7,42.2,6/8/2025,Rock That Body,Black Eyed Peas,Electropop,2009,,3:56,1:03 - 2:03,60,,,,,,,,,Verse 1 + Verse 2 + Refrain + Pre-Chorus + Chorus + Post Chorus
3,https://www.tiktok.com/t/ZTkuvBxPD/,RockThatBody_7,@maligoshik,"7,700,000",Unboxing,0,3.4M,61.1M,3.4,61.1,8/23/2025,Rock That Body,Black Eyed Peas,Electropop,2009,,3:56,0:26 - 0:34,8,,,,,,,,,Intro + Pre Chorus
3,https://www.tiktok.com/t/ZTkuvUxtB/,RockThatBody_8,@soulfromash,"3,700,000",Lip Sync,0,3.3M,28.2M,3.3,28.2,8/19/2025,Rock That Body,Black Eyed Peas,Electropop,2009,,3:56,0:26 - 0:37,11,,,,,,,,,Intro + Pre Chorus
3,https://www.tiktok.com/t/ZTkuvkJqF/,RockThatBody_9,@yusufkart1koo,"1,000,000",Lip Sync,0,3.1M,23.1M,3.1,23.1,7/23/2025,Rock That Body,Black Eyed Peas,Electropop,2009,,3:56,0:26 - 0:41,15,,,,,,,,,Intro + Pre Chorus
3,https://www.tiktok.com/t/ZTkuvEunW/,RockThatBody_10,@mehrdnan,"243,600",Lip Sync,0,2.9M,21.8M,2.9,21.8,7/28/2025,Rock That Body,Black Eyed Peas,Electropop,2009,,3:56,0:26 - 0:41,15,,,,,,,,,Intro + Pre Chorus
4,https://www.tiktok.com/t/ZTk6dYaNt/,Azul_1,@jennifer.coppen,"16,600,000",Dance,0,3.8M,52.9M,3.8,52.9,3/27/2025,Azul,J Balvin,Reggaeton,2020,,3:26,0:26 - 0:38,12,94,150,453,159,0.6490,24,23,0.0417,Chorus
4,https://www.tiktok.com/@sirrr.r/video/7472452094134373654?is_from_webapp=1&sender_device=pc&web_id=7623783917820364302,Azul_2,@sirrr.r,"2,300,000",Dance,0,3.4M,32.1M,3.4,32.1,2/17/2025,Azul,J Balvin,Reggaeton,2020,,3:26,0:26 - 0:36,10,,,,,,,,,Chorus
4,https://www.tiktok.com/t/ZTkuc3RRp/,Azul_3,@mlplvr666,"135,500",Dance,0,3.3M,30M,3.3,30,2/25/2025,Azul,J Balvin,Reggaeton,2020,,3:26,0:26 - 0:36,10,,,,,,,,,Chorus
4,https://www.tiktok.com/t/ZTkucnS59/,Azul_4,@valucervantes,"1,500,000",Dance,0,3.1M,38.2M,3.1,38.2,2/22/2025,Azul,J Balvin,Reggaeton,2020,,3:26,0:26 - 0:37,11,,,,,,,,,Chorus
4,https://www.tiktok.com/t/ZTkucQBBd/,Azul_5,@regisoftball,"19,100",Dance,0,2.7M,25.3M,2.7,25.3,2/17/2025,Azul,J Balvin,Reggaeton,2020,,3:26,0:26 - 0:36,10,,,,,,,,,Chorus
4,https://www.tiktok.com/t/ZTku3UPnu/,Azul_6,@isaknows,"59,600",Dance,0,2.6M,19.5M,2.6,19.5,3/22/2025,Azul,J Balvin,Reggaeton,2020,,3:26,0:26 - 0:37,11,,,,,,,,,Chorus
4,https://www.tiktok.com/t/ZTku38Y3D/,Azul_7,@didelinax,"203,400",Tutorial,0,2.5M,29.2M,2.5,29.2,4/21/2024,Azul,J Balvin,Reggaeton,2020,"Audio stops halfaway, cut video off",3:26,0:26 - 1:26,60,,,,,,,,,Chorus + Verse 1
4,https://www.tiktok.com/t/ZTku3rp7M/,Azul_8,@lukas.urkijo,"9,800,000",Dance,0,2.4M,25.9M,2.4,25.9,2/18/2025,Azul,J Balvin,Reggaeton,2020,,3:26,0:26 - 0:41,15,,,,,,,,,Chorus
4,https://www.tiktok.com/t/ZTkbfCvhh/,Azul_9,@lukas.urkijo,"9,800,000",Dance,0,2.4M,19M,2.4,19,2/7/2025,Azul,J Balvin,Reggaeton,2020,,3:26,0:26 - 0:32,6,,,,,,,,,Chorus
4,https://www.tiktok.com/t/ZTkbPhBtC/,Azul_10,@7mb_itma,"84,300",Dance,0,2.4M,51.4M,2.4,51.4,2/16/2025,Azul,J Balvin,Reggaeton,2020,,3:26,0:26 - 0:38,12,,,,,,,,,Chorus
5,https://www.tiktok.com/t/ZTk6B4FbT/,DameUnGrrr_1,@3kittycatss,"509,200",Animals,0,41.1M,377.1M,41.1,377.1,6/24/2025,Dame Un Grrr,Fantomel and Kate Linn,Pop,2025,,2:13,0:00 - 0:06,6,118,118,215,64,0.7023,15,5,0.6667,Chorus
5,https://www.tiktok.com/t/ZTkhWV5um/,DameUnGrrr_2,@mariqueo.ok,"231,500",Animals,0,15.3M,215.4M,15.3,215.4,6/19/2025,Dame Un Grrr,Fantomel and Kate Linn,Pop,2025,,,0:00 - 0:06,6,,,,,,,,,
5,https://www.tiktok.com/t/ZTkhW5gQa/,DameUnGrrr_3,@sulumotion,"1,700,000",Lip Sync,0,6.8M,49.6M,6.8,49.6,6/18/2025,Dame Un Grrr,Fantomel and Kate Linn,Pop,2025,Slowed down remix,,0:00 - 0:09,9,,,,,,,,,
5,https://www.tiktok.com/t/ZTkhWSsUL/,DameUnGrrr_4,@sulumotion,"1,700,000",Lip Sync,0,5.6M,39.1M,5.6,39.1,6/12/2025,Dame Un Grrr,Fantomel and Kate Linn,Pop,2025,Slowed down remix,,0:00 - 0:09,9,,,,,,,,,
5,https://www.tiktok.com/t/ZTkhWuMH6/,DameUnGrrr_5,@daniolmo,"3,000,000",Lip Sync,0,5.4M,56.1M,5.4,56.1,6/22/2025,Dame Un Grrr,Fantomel and Kate Linn,Pop,2025,,,0:00 - 0:11,11,,,,,,,,,
5,https://www.tiktok.com/t/ZTkhWSCLa/,UNAVILABLE,UNAVAILABLE,UNAVAILABLE,Hair + Makeup,0,4.5M,220.5M,4.5,220.5,6/21/2025,Dame Un Grrr,Fantomel and Kate Linn,Pop,2025,,,,#VALUE!,,,,,,,,,
5,https://www.tiktok.com/t/ZTkhWbwac/,DameUnGrrr_7,@koyinaur,"85,700",Edit,0,4.3M,44.6M,4.3,44.6,6/5/2025,Dame Un Grrr,Fantomel and Kate Linn,Pop,2025,,,0:00 - 0:09,9,,,,,,,,,
5,https://www.tiktok.com/t/ZTkkbc47E/,DameUnGrrr_8,@edgardo.moreno484,"35,000",Animals,0,4.3M,42.9M,4.3,42.9,6/9/2025,Dame Un Grrr,Fantomel and Kate Linn,Pop,2025,,,0:00 - 0:09,9,,,,,,,,,
5,https://www.tiktok.com/t/ZTkkbGpy9/,DameUnGrrr_9,@candedelvalle6,"32,300",Animals,0,4.1M,46.4M,4.1,46.4,6/21/2025,Dame Un Grrr,Fantomel and Kate Linn,Pop,2025,,,0:00 - 0:06,6,,,,,,,,,
5,https://www.tiktok.com/t/ZTkkbmyCR/,DameUnGrrr_10,@jtr0kvj0,"28,600",Animals,0,4M,28.9M,4,28.9,6/13/2025,Dame Un Grrr,Fantomel and Kate Linn,Pop,2025,Slowed down remix,,0:00 - 0:06,6,,,,,,,,,
6,https://www.tiktok.com/@mooo_ayz_yy/video/7427451081657191726,APT_1,@mooo_ayz_yy,"52,100",Animals,0,9.3M,71.9M,9.3,71.9,10/19/2024,APT.,ROSÉ & Bruno Mars,Pop,2024,APT segment,2:49,0:06 - 0:16,10,149,149,340,95,0.7206,15,3,0.8000,Chorus
6,https://www.tiktok.com/t/ZTkkbxWgG/,APT_2,@ronielaspiras,"141,700",Dance,0,8.1M,70.6M,8.1,70.6,12/7/2024,APT.,ROSÉ & Bruno Mars,Pop,2024,dance segment,2:49,0:30 - 0:51,21,,149,,,,51,32,0.3725,"Verse 1, Pre-Chorus, Chorus"
6,https://www.tiktok.com/t/ZTkkbxmFU/,APT_3,@brunomars,"16,200,000",Lip Sync,0,7.1M,125.6M,7.1,125.6,10/18/2024,APT.,ROSÉ & Bruno Mars,Pop,2024,APT segment,2:49,0:06 - 0:18,12,,,,,,,,,
6,https://www.tiktok.com/t/ZTkkgLj3B/,APT_4,@roses_are_rosie,"53,000,000",Dance,0,5.2M,56.9M,5.2,56.9,11/18/2024,APT.,ROSÉ & Bruno Mars,Pop,2024,APT segment,2:49,0:06 - 0:12,6,,,,,,,,,
6,https://www.tiktok.com/t/ZTkkgLuh1/,APT_5,@felixbrngs,"687,700",Dance,0,5M,74.6M,5,74.6,10/22/2024,APT.,ROSÉ & Bruno Mars,Pop,2024,dance segment,2:49,0:29 - 0:52,23,,,,,,,,,
6,https://www.tiktok.com/t/ZTkkgYwyt/,APT_6,@andreebonifacioo,"7,100,000",Lip Sync,0,5M,44.9M,5,44.9,10/31/2024,APT.,ROSÉ & Bruno Mars,Pop,2024,dance segment,2:49,0:32 - 0:59,27,,,,,,,,,
6,https://www.tiktok.com/t/ZTkkgjgJv/,APT_7,@fujiiian,"38,900,000",Lip Sync,0,5M,80.8M,5,80.8,11/1/2024,APT.,ROSÉ & Bruno Mars,Pop,2024,dance segment,,2:09 - 2:30,21,,,,,,,,,
6,https://www.tiktok.com/t/ZTkkgFLUB/,APT_8,@genboy3,N/A,Dance,0,4.9M,75.8M,4.9,75.8,10/30/2024,APT.,ROSÉ & Bruno Mars,Pop,2024,dance segment,,0:29 - 0:52,23,,,,,,,,,
6,https://www.tiktok.com/t/ZTkb5mSUC/,APT_9,@andreebonifacioo,"7,100,000",Animals,0,4.6M,47.3M,4.6,47.3,10/28/2024,APT.,ROSÉ & Bruno Mars,Pop,2024,APT segment,,0:03 - 0:13,10,,,,,,,,,
6,https://www.tiktok.com/t/ZTkb5jsGK/,APT_10,,,Dance,0,4.6M,128.4M,4.6,128.4,12/2/2024,APT.,ROSÉ & Bruno Mars,Pop,2024,dance segment,,0:30 - 0:51,,,,,,,,,,
7,https://www.tiktok.com/@beth...cast/video/7488521489092726021?_r=1&_t=ZT-95BZLTJiAKU,TeQueriaVer_1,@beth...cast,"16,800,000",Dance,0,5.3M,38.9M,5.3,38.9,4/1/2025,Te Quería Ver,Alemán & Neton Vega,Reggaeton,2025,,2:56,1:33 - 1:47 ,14,100,100,336,173,0.4851,35,12,0.6571,Verse 2
7,https://www.tiktok.com/t/ZTkBcuHQn/,TeQueriaVer_2,@szaismymom7,"21,200",Humor,0,4.2M,30.2M,4.2,30.2,3/30/2025,Te Quería Ver,Alemán & Neton Vega,Reggaeton,2025,,2:56,1:33 - 1:42,9,100,100,336,173,0.4851,35,12,0.6571,Verse 2
7,https://www.tiktok.com/t/ZTkBcMMDs/,TeQueriaVer_3,@katteyes,"45,300,000",Dance,1,3.5M,37.6M,3.5,37.6,3/22/2025,Te Quería Ver,Alemán & Neton Vega,Reggaeton,2025,,2:56,1:33 - 1:48,15,100,100,336,173,0.4851,35,12,0.6571,Verse 2
7,https://www.tiktok.com/t/ZTkBcamvt/,TeQueriaVer_4,@orlenaodette,"6,800,000",Dance,0,3.4M,39.4M,3.4,39.4,3/24/2025,Te Quería Ver,Alemán & Neton Vega,Reggaeton,2025,,2:56,1:33 - 1:48,15,100,100,336,173,0.4851,35,12,0.6571,Verse 2
7,https://www.tiktok.com/t/ZTkBcN528/,TeQueriaVer_5,@orlenaodette,"6,800,000",Dance,0,2.9M,32.2M,2.9,32.2,3/18/2025,Te Quería Ver,Alemán & Neton Vega,Reggaeton,2025,,2:56,1:33 - 1:48,15,100,100,336,173,0.4851,35,12,0.6571,Verse 2
7,https://www.tiktok.com/t/ZTkBck2rh/,TeQueriaVer_6,@dafnnejm,"13,000,000",Lip Sync,1,2.8M,17.3M,2.8,17.3,3/3/2025,Te Quería Ver,Alemán & Neton Vega,Reggaeton,2025,,2:56,1:24 - 1:39,15,100,100,336,173,0.4851,30,26,0.1333,Chrorus + Verse 2
7,https://www.tiktok.com/t/ZTkBcNCVq/,TeQueriaVer_7,@orlenaodette,"6,800,000",Dance,0,2.8M,27.3M,2.8,27.3,3/20/2025,Te Quería Ver,Alemán & Neton Vega,Reggaeton,2025,,2:56,1:33 - 1:52,19,100,100,336,173,0.4851,35,12,0.6571,Verse 2
7,https://www.tiktok.com/t/ZTkBcMojK/,UNAVILABLE,@jocx17,"2,100,000",Lip Sync,0,2.8M,34.1M,2.8,34.1,3/19/2025,Te Quería Ver,Alemán & Neton Vega,Reggaeton,2025,,2:56,1:33 - 1:47 ,14,100,100,336,173,0.4851,35,12,0.6571,Verse 2
7,https://www.tiktok.com/t/ZTkBcjKAD/,TeQueriaVer_9,@odalysanddafnne,"23,000,000",Lip Sync,1,2.6M,19.6M,2.6,19.6,4/9/2025,Te Quería Ver,Alemán & Neton Vega,Reggaeton,2025,,2:56,1:33 - 1:46,13,100,100,336,173,0.4851,35,12,0.6571,Verse 2
7,https://www.tiktok.com/t/ZTkBcu2KT/,TeQueriaVer_10,@soyaldooo,"13,000,000",Lip Sync,1,3.5M,22.8M,3.5,22.8,4/28/2025,Te Quería Ver,Alemán & Neton Vega,Reggaeton,2025,,2:56,0:08 - 0:23,15,100,100,336,173,0.4851,18,11,0.3889,Chorus
8,https://www.tiktok.com/@jennifer.coppen/video/7485991142891261190?_r=1&_t=ZT-95AWH4Qbtzp,StecuStecu_1,@jennifer.coppen,"16,600,000",Humor,1,5.3M,77M,5.3,77,3/26/25,Stecu Stecu,Faris Adam,Pop,2025,Non-English,3:43,2:49 - 3:03,14,103,103,215,72,0.6651,22,21,0.0455,Chorus
8,https://www.tiktok.com/@jennifer.coppen/video/7490484729775459602,StecuStecu_2,@jennifer.coppen,"16,600,000",Dance,1,4M,58.9M,4,58.9,4/7/2025,Stecu Stecu,Faris Adam,Pop,2025,Sped Up + Count intro,3:43,2:35 - 3:00,25,103,142,215,72,0.6651,35,12,0.6571,Verse 5 + Chorus
8,https://www.tiktok.com/@jennifer.coppen/video/7492692270190251269,StecuStecu_3,@jennifer.coppen,"16,600,000",Lip Sync,1,3.9M,51.9M,3.9,51.9,4/13/2025,Stecu Stecu,Faris Adam,Pop,2025,Sped Up,3:43,2:35 - 2:49,14,103,135,215,72,0.6651,20,19,0.0500,Verse 5 
8,https://www.tiktok.com/@thebaldys_fam/video/7490197963042458887,StecuStecu_4,@thebaldys_fam,"448,100",Dance,0,3.5M,53.8M,3.5,53.8,4/6/2025,Stecu Stecu,Faris Adam,Pop,2025,Sped Up + Count intro,3:43,2:35 - 3:00,25,103,142,215,72,0.6651,35,12,0.6571,Verse 5 + Chorus
8,https://www.tiktok.com/@flaviozaviera_/video/7490217855015800071,StecuStecu_5,@flaviozaviera_,"4,300,000",Dance,0,3.5M,54.4M,3.5,54.4,4/6/2025,Stecu Stecu,Faris Adam,Pop,2025,Sped Up + Count intro,3:43,2:35 - 3:00,25,103,142,215,72,0.6651,35,12,0.6571,Verse 5 + Chorus
8,https://www.tiktok.com/@davinakaramoy/video/7491546954745351442,StecuStecu_6,@davinakaramoy,"6,100,000",Dance,1,3.5M,52M,3.5,52,4//10/25,Stecu Stecu,Faris Adam,Pop,2025,Sped Up + Count intro,3:43,2:35 - 3:00,25,103,142,215,72,0.6651,35,12,0.6571,Verse 5 + Chorus
8,https://www.tiktok.com/@szzuuulaak/video/7490154562121125128,StecuStecu_7,@szzuuulaak,"272,800",Dance,0,2.8M,35.1M,2.8,35.1,4/6/2025,Stecu Stecu,Faris Adam,Pop,2025,Sped Up + Count intro,3:43,2:35 - 3:00,25,103,142,215,72,0.6651,35,12,0.6571,Verse 5 + Chorus
8,https://www.tiktok.com/@fujiiian/video/7492074055357566215,StecuStecu_8,@fujiiian,"38,900,000",Dance,1,3.3M,65.3M,3.3,65.3,4/11/2025,Stecu Stecu,Faris Adam,Pop,2025,Sped Up + Count intro,3:43,2:35 - 3:00,25,103,142,215,72,0.6651,35,12,0.6571,Verse 5 + Chorus
8,https://www.tiktok.com/@andrewxbarrett/video/7490073692081294599,StecuStecu_9,@andrewxbarrett,"255,700",Humor,0,2.7M,39.3M,2.7,39.3,4/6/2025,Stecu Stecu,Faris Adam,Pop,2025,,3:43,2:49 - 3:03,14,103,103,215,72,0.6651,22,21,0.0455,Chorus
8,https://www.tiktok.com/@concheetah/video/7488926383003979016,StecuStecu_10,@concheetah,"239,000",Dance,0,2.7M,52.5M,2.7,52.5,4/2/2025,Stecu Stecu,Faris Adam,Pop,2025,Sped Up + Count intro,3:43,2:35 - 3:00,25,103,142,215,72,0.6651,35,12,0.6571,Verse 5 + Chorus
9,https://www.tiktok.com/@willsmith/video/7481699258819693870,Anxiety_1,@willsmith,"78,500,000",Dance,1,39.7M,343.5M,39.7,343.5,3/14/25,Anxiety,Doechii,Pop Rap,2025,somebodys watching me,4:09,1:29 - 1:45,16,129,129,519,141,0.7283,43,23,0.4651,Refrain + Chorus
9,https://www.tiktok.com/@my4c0re/video/7475110913058622763,Anxiety_2,@my4c0re,"34,000",Humor,0,12M,72.5M,12,72.5,2/24/2025,Anxiety,Doechii,Pop Rap,2025,i feel it quietly,4:09,1:21 - 1:41,20,129,129,519,141,0.7283,,,,Refrain + Chorus
9,https://www.tiktok.com/@eat_official5/video/7483054384453111041,Anxiety_3,@eat_official5,"2,300,000",Dance,1,7.9M,137M,7.9,137,3/18/2025,Anxiety,Doechii,Pop Rap,2025,somebodys watching me,4:09,1:29 - 1:45,16,129,129,519,141,0.7283,,,,Refrain + Chorus
9,https://www.tiktok.com/@hbomaxbr/video/7479060321546652933,Anxiety_4,@hbomaxbr,"2,200,000",Humor,1,7.6M,70M,7.6,70,3/7/2025,Anxiety,Doechii,Pop Rap,2025,i feel it quietly,4:09,1:21 - 1:41,20,129,129,519,141,0.7283,,,,Refrain + Chorus
9,https://www.tiktok.com/@raye/video/7479537744583085334,Anxiety_5,@raye,"3,600,000",Humor,1,5.9M,38.9M,5.9,38.9,3/8/2025,Anxiety,Doechii,Pop Rap,2025,somebodys watching me,4:09,1:29 - 1:45,16,129,129,519,141,0.7283,,,,Refrain + Chorus
9,https://www.tiktok.com/@imgustavosena/video/7478426894061358341,Anxiety_6,@imgustavosena,"3,700,000",Dance,0,5.7M,47.9M,5.7,47.9,3/5/2025,Anxiety,Doechii,Pop Rap,2025,i feel it quietly,4:09,1:21 - 1:41,20,129,129,519,141,0.7283,,,,Refrain + Chorus
9,https://www.tiktok.com/@legohugs/video/7490310692440902943,Anxiety_7,@legohugs,"954,100",Hair + Makeup,0,5.6M,70.4M,5.6,70.4,4/6/2025,Anxiety,Doechii,Pop Rap,2025,extended,4:09,1:26 - 2:25,59,129,129,519,141,0.7283,,,,Refrain + Chorus + Verse 2
9,https://www.tiktok.com/@fatima.v.l/video/7480216622511213830,Anxiety_8,@fatima.v.l,"17,300",Humor,0,5.4M,35.2M,5.4,35.2,3/10/2025,Anxiety,Doechii,Pop Rap,2025,anxiety keep on trying me,4:09,1:18 - 1:36,18,129,129,519,141,0.7283,,,,Refrain + Chorus
9,https://www.tiktok.com/@rae.revord/video/7483186537467776302,Anxiety_9,@rae.revord,"5,600,000",Dance,1,5M,57.9M,5,57.9,3/18/2025,Anxiety,Doechii,Pop Rap,2025,somebodys watching me,4:09,1:29 - 1:45,16,129,129,519,141,0.7283,,,,Refrain + Chorus
9,https://www.tiktok.com/@satisfyingyourmom/video/7480257680058109227,Anxiety_10,@satisfyingyourmom,"9,855",Humor,0,4.4M,47M,4.4,47,3/10/2025,Anxiety,Doechii,Pop Rap,2025,extended 2,4:09,1:29 - 1:55,26,129,129,519,141,0.7283,,,,Refrain + Chorus
10,https://www.tiktok.com/@.lara._.888/video/7480603649069026582?_r=1&_t=ZT-95AWGpOgT3F,SailorSong_1,@.lara._.888,"111,900",Wholesome/Emotional,0,11.9M,73.3M,11.9,73.3,3/11/25,Sailor Song,Gigi Perez,Indie Folk,2024,i sleep ,3:31,2:50 - 3:02,12,95,95,316,128,0.5949,28,12,0.5714,Chorus
10,https://www.tiktok.com/@maddyspamms/video/7440114969770839339?_r=1&_t=ZT-95M33ooUnCn,SailorSong_2,@maddyspamms,"30,900",Wholesome/Emotional,0,10.6M,57.9M,10.6,57.9,11/22/2024,Sailor Song,Gigi Perez,Indie Folk,2024,do the things,3:31,0:55 - 1:14,19,95,95,316,128,0.5949,,,,Verse 1 + Chorus
10,https://www.tiktok.com/@cayden_lol/video/7411291930442698026?_r=1&_t=ZT-95M33zJ4NOn,SailorSong_3,@cayden_lol,"270,500",Humor,0,5.9M,37.6M,5.9,37.6,9/5/2024,Sailor Song,Gigi Perez,Indie Folk,2024,do the things,3:31,0:55 - 1:14,19,95,95,316,128,0.5949,,,,Verse 1 + Chorus
10,https://www.tiktok.com/@cozy.zapas/video/7495676477103557910?_r=1&_t=ZT-95M346wGNqv,SailorSong_4,@cozy.zapas,"298,500",Wholesome/Emotional,0,5.9M,30.8M,5.9,30.8,4/21/2025,Sailor Song,Gigi Perez,Indie Folk,2024,do the things,3:31,0:55 - 1:14,19,95,95,316,128,0.5949,,,,Verse 1 + Chorus
10,https://www.tiktok.com/@breannakate04/video/7445534367914413342?_r=1&_t=ZT-95M355wqcHu,SailorSong_5,@breannakate04,"28,300",Wholesome/Emotional,0,5.7M,35.6M,5.7,35.6,12/7/2024,Sailor Song,Gigi Perez,Indie Folk,2024,I saw her,3:31,0:24 - 1:14,50,95,95,316,128,0.5949,,,,Verse 1
10,https://www.tiktok.com/@ainsley999/video/7474369439861886250?_r=1&_t=ZT-95M35Zyx8uL,SailorSong_6,@ainsley999,"21,200",Wholesome/Emotional,0,5.6M,29.3M,5.6,29.3,2/22/2025,Sailor Song,Gigi Perez,Indie Folk,2024,came up to my knees,3:31,0:44 - 1:14,30,95,95,316,128,0.5949,,,,Verse 1 + Chorus
10,https://www.tiktok.com/@thatblue__2ndgen/video/7407248529036561695?_r=1&_t=ZT-95M36zdJkwH,SailorSong_7,@thatblue__2ndgen,"28,400",Aesthetic,0,5.3M,25.9M,5.3,25.9,8/25/2024,Sailor Song,Gigi Perez,Indie Folk,2024,wont you kiss me,3:31,1:04 - 1:14,10,95,95,316,128,0.5949,,,,Chorus
10,https://www.tiktok.com/@grandadfrankk/video/7455792115981896993?_r=1&_t=ZT-95M36HZoQbl,SailorSong_8,@grandadfrankk,"7,900,000",Wholesome/Emotional,0,5.2M,26.9M,5.2,26.9,1/3/2025,Sailor Song,Gigi Perez,Indie Folk,2024,Sped Up/spit out,3:31,2:18 - 2:30,12,95,103,316,128,0.5949,,,,Verse 2 + Chorus
10,https://www.tiktok.com/@ylanast/video/7439426400588762424?_r=1&_t=ZT-95M37hRlNhm,SailorSong_9,@ylanast,"2,100,000",Art,0,5M,35.8M,5,35.8,11/20/2024,Sailor Song,Gigi Perez,Indie Folk,2024,came up to my knees,3:31,0:44 - 1:14,30,95,95,316,128,0.5949,,,,Verse 1 + Chorus
10,https://www.tiktok.com/@g_flickss/video/7415105638801411370?_r=1&_t=ZT-95M487fK0zu,SailorSong_10,@g_flickss,"17,500",Wholesome/Emotional,0,4.8M,27.9M,4.8,27.9,9/16/2024,Sailor Song,Gigi Perez,Indie Folk,2024,came up to my knees,3:31,0:44 - 1:14,30,95,95,316,128,0.5949,,,,Verse 1 + Chorus
11,https://www.tiktok.com/@mrbeast/video/7505849400019717406,ShakeItToTheMax_1,@mrbeast,"126,600,000",Humor,1,28.4M,317.5M,28.4,317.5,5/18/25,Shake it To The Max (FLY) (Remix),"MOLIY, Silent Addy, Skillibeng, Shensea",Hip-Hop,2024,remix in intro?,2:58,0:07 - 0:19,12,98,99,624,186,0.7019,49,32,0.3469,Chorus
11,https://www.tiktok.com/@iamurhope/video/7499046713152277778,ShakeItToTheMax_2,@iamurhope,"17,800,000",Dance,1,10.3M,76.6M,10.3,76.6,4/30/25,Shake it To The Max (FLY) (Remix),"MOLIY, Silent Addy, Skillibeng, Shensea",Hip-Hop,2024,,2:58,0:05 - 0:20,15,98,99,624,186,0.7019,53,33,0.3774,Intro + Chorus
11,https://www.tiktok.com/@neafeas/video/7512863113734016274,ShakeItToTheMax_3,@neafeas,"14,100,000",Dance,0,6.6M,105.6M,6.6,105.6,6/6/25,Shake it To The Max (FLY) (Remix),"MOLIY, Silent Addy, Skillibeng, Shensea",Hip-Hop,2024,,2:58,0:05 - 0:20,15,98,99,624,186,0.7019,53,33,0.3774,Intro + Chorus
11,https://www.tiktok.com/@sulumotion/video/7499857937783885062,ShakeItToTheMax_4,@sulumotion,"1,700,000",Dance,0,5.9M,61.6M,5.9,61.6,5/2/25,Shake it To The Max (FLY) (Remix),"MOLIY, Silent Addy, Skillibeng, Shensea",Hip-Hop,2024,,2:58,0:05 - 0:20,15,98,99,624,186,0.7019,53,33,0.3774,Intro + Chorus
11,https://www.tiktok.com/@sofiamins_art/video/7501473416105626882,ShakeItToTheMax_5,@sofiamins_art,"1,800,000",Art,0,5.4M,50M,5.4,50,5/6/25,Shake it To The Max (FLY) (Remix),"MOLIY, Silent Addy, Skillibeng, Shensea",Hip-Hop,2024,short,2:58,0:06 - 0:14,8,98,99,624,186,0.7019,30,24,0.2000,Intro + Chorus
11,https://www.tiktok.com/@nianaguerrero/video/7507657768602586375,ShakeItToTheMax_6,@nianaguerrero,"46,600,000",Dance,1,5.3M,56.4M,5.3,56.4,5/23/25,Shake it To The Max (FLY) (Remix),"MOLIY, Silent Addy, Skillibeng, Shensea",Hip-Hop,2024,,2:58,0:05 - 0:20,15,98,99,624,186,0.7019,53,33,0.3774,Intro + Chorus
11,https://www.tiktok.com/@playsidegg/video/7511413105948233016,ShakeItToTheMax_7,@playsidegg,"136,000",Humor,0,5.2M,94.5M,5.2,94.5,6/2/25,Shake it To The Max (FLY) (Remix),"MOLIY, Silent Addy, Skillibeng, Shensea",Hip-Hop,2024,,2:58,0:05 - 0:20,15,98,99,624,186,0.7019,53,33,0.3774,Intro + Chorus
11,https://www.tiktok.com/@barbaramirezzz/video/7489308145542532383,ShakeItToTheMax_8,@barbaramirezzz,"10,400,000",Dance,0,5.1M,53.6M,5.1,53.6,4/4/25,Shake it To The Max (FLY) (Remix),"MOLIY, Silent Addy, Skillibeng, Shensea",Hip-Hop,2024,,2:58,0:05 - 0:20,15,98,99,624,186,0.7019,53,33,0.3774,Intro + Chorus
11,https://www.tiktok.com/@leegookin/video/7505070383473741063,ShakeItToTheMax_9,@leegookin,"5,200,000",Humor,0,4.6M,43.6M,4.6,43.6,5/16/25,Shake it To The Max (FLY) (Remix),"MOLIY, Silent Addy, Skillibeng, Shensea",Hip-Hop,2024,,2:58,0:05 - 0:20,15,98,99,624,186,0.7019,53,33,0.3774,Intro + Chorus
11,https://www.tiktok.com/@collageofus/video/7495006964989185302,ShakeItToTheMax_10,@collageofus,"43,500",Humor,0,4.5M,83.5M,4.5,83.5,4/19/25,Shake it To The Max (FLY) (Remix),"MOLIY, Silent Addy, Skillibeng, Shensea",Hip-Hop,2024,extended,2:58,0:05 - 0:30,25,98,99,624,186,0.7019,88,41,0.5341,Intro + Chorus + Post-Chorus
12,https://www.tiktok.com/t/ZTkhsAGkB/,OceanEyes_1,@mynameis.mimii,"43,300",Animals,0,11.1M,77.6M,11.1,77.6,9/12/2025,ocean eyes,Billie Eilish,Contemporary R&B,2017,,3:20,1:48 - 1:59,11,145,78,214,105,0.5093,19,17,0.1053,Chorus
12,https://www.tiktok.com/t/ZTkhs9bDD/,OceanEyes_2,@brookemonk_,"46,500,000",Aesthetic,0,9.5M,98.8M,9.5,98.8,9/8/2025,ocean eyes,Billie Eilish,Contemporary R&B,2017,,3:20,1:48 - 1:54,6,,,,,,,,,
12,https://www.tiktok.com/t/ZTkhnnTdV/,OceanEyes_3,@only1russjr,"1,800,000",Aesthetic,0,7.6M,68M,7.6,68,9/6/2025,ocean eyes,Billie Eilish,Contemporary R&B,2017,,3:20,1:48 - 1:53,5,,,,,,,,,
12,https://www.tiktok.com/t/ZTkhnPrcB/,OceanEyes_4,@serramzinha,"1,800,000",Aesthetic,0,5.5M,42M,5.5,42,9/4/2025,ocean eyes,Billie Eilish,Contemporary R&B,2017,,3:20,1:48 - 1:56,8,,,,,,,,,
12,https://www.tiktok.com/t/ZTkhna3TS/,OceanEyes_5,@kirkiimad,"10,300,000",Tutorial,0,5.2M,123M,5.2,123,9/11/2025,ocean eyes,Billie Eilish,Contemporary R&B,2017,,3:20,1:48 - 1:58,10,,,,,,,,,
12,https://www.tiktok.com/t/ZTkhn5RX6/,OceanEyes_6,@edysilvaaoficial,"21,000,000",Humor,0,4.7M,67.8M,4.7,67.8,9/19/2025,ocean eyes,Billie Eilish,Contemporary R&B,2017,,3:20,1:48 - 1:54,6,,,,,,,,,
12,https://www.tiktok.com/t/ZTkhn5mXC/,OceanEyes_7,@salish,"6,700,000",Aesthetic,0,4M,55.3M,4,55.3,9/14/2025,ocean eyes,Billie Eilish,Contemporary R&B,2017,,3:20,1:48 - 1:54,6,,,,,,,,,
12,https://www.tiktok.com/t/ZTkhnP3vg/,OceanEyes_8,@itsyagirl.saratonin,"54,900",Humor,0,4M,40.6M,4,40.6,9/9/2025,ocean eyes,Billie Eilish,Contemporary R&B,2017,,3:20,1:48 - 2:02,14,,,,,,,,,
12,https://www.tiktok.com/@oliver6060/video/7549223301264969015?is_from_webapp=1&sender_device=pc,OceanEyes_9,@oliver6060,"5,300,000",Humor,0,3.9M,73.4M,3.9,73.4,9/12/2025,ocean eyes,Billie Eilish,Contemporary R&B,2017,,3:20,1:48 - 1:57,9,,,,,,,,,
12,https://www.tiktok.com/t/ZTkbPnJcS/,OceanEyes_10,@ralphie_archie,"73,300",Animals,0,3.7M,23.2M,3.7,23.2,9/19/2025,ocean eyes,Billie Eilish,Contemporary R&B,2017,,3:20,1:48 - 1:58,10,,,,,,,,,
13,https://www.tiktok.com/t/ZTkks1Bnk/,NoOneNoticed_1,@paige_os,"24,800",Aesthetic,0,11.6M,67.6M,11.6,67.6,1/3/2025,No One Noticed (Extended Spanish),The Marias,Alternative/Indie,2024,"""hold me, console me ...""",4:44,2:33 - 2:48,15,98,97,310,98,0.6839,38,31,0.1842,Refrain
13,https://www.tiktok.com/t/ZTkksfgTr/,NoOneNoticed_2,@islabenny,"76,700",Wholesome/Emotional,0,8.2M,49.9M,8.2,49.9,7/28/2025,No One Noticed (Extended Spanish),The Marias,Alternative/Indie,2024,Remixed voiceover,4:44,2:09 - 2:29,20,,99,310,98,0.6839,41,32,0.2195,Refrain
13,https://www.tiktok.com/t/ZTkksPXut/,NoOneNoticed_3,@wockkingdaggerr,"77,800",Humor,0,7.1M,35.9M,7.1,35.9,7/25/2025,No One Noticed (Extended Spanish),The Marias,Alternative/Indie,2024,ending section,4:44,3:18 - 3:28,10,,97,310,98,0.6839,25,25,0.0,Chorus
13,https://www.tiktok.com/t/ZTkkshkwk/,NoOneNoticed_4,@l69hl,"34,900",Animals,0,6.4M,33.3M,6.4,33.3,6/24/2025,No One Noticed (Extended Spanish),The Marias,Alternative/Indie,2024,Remixed voiceover,4:44,2:09 - 2:29,20,,,,,,,,,
13,https://www.tiktok.com/t/ZTkks4nmY/,NoOneNoticed_5,@hafsa_a08,"39,200",Wholesome/Emotional,0,5.8M,33.5M,5.8,33.5,4/17/2025,No One Noticed (Extended Spanish),The Marias,Alternative/Indie,2024,Remixed voiceover,4:44,2:09 - 2:29,20,,,,,,,,,
13,https://www.tiktok.com/t/ZTkksbD1H/,NoOneNoticed_6,@userrabbycx,"12,600",Humor,0,5.4M,34M,5.4,34,6/30/2025,No One Noticed (Extended Spanish),The Marias,Alternative/Indie,2024,ending section,4:44,3:18 - 3:28,10,,,,,,,,,
13,https://www.tiktok.com/t/ZTkksooCS/,NoOneNoticed_7,@ari70534,"44,200",Animals,0,5.3M,26.8M,5.3,26.8,1/12/2025,No One Noticed (Extended Spanish),The Marias,Alternative/Indie,2024,ending (spanish),4:44,3:41 - 4:08,27,,94,335,112,0.6657,29,18,0.3793,Outro
13,https://www.tiktok.com/t/ZTkkGXTRr/,NoOneNoticed_8,@simahesri,"2,100,000",Wholesome/Emotional,0,4.9M,40.1M,4.9,40.1,4/13/2025,No One Noticed (Extended Spanish),The Marias,Alternative/Indie,2024,"""hold me, console me ...""",4:44,2:33 - 2:48,15,,,,,,,,,
13,https://www.tiktok.com/t/ZTkkGWjJt/,NoOneNoticed_9,@sere.carri,"23,500",Wholesome/Emotional,0,4.7M,27.3M,4.7,27.3,9/17/2025,No One Noticed (Extended Spanish),The Marias,Alternative/Indie,2024,Remixed voiceover,4:44,2:09 - 2:29,20,,,,,,,,,
13,https://www.tiktok.com/t/ZTkkp3VRX/,NoOneNoticed_10,@jsskld1,"48,700",Wholesome/Emotional,0,4.7M,20.8M,4.7,20.8,1/5/2026,No One Noticed (Extended Spanish),The Marias,Alternative/Indie,2024,ending (spanish),4:44,3:41 - 4:08,27,,,,,,,,,
14,https://www.tiktok.com/@austineeee_/video/7555170953857109255?is_from_webapp=1&sender_device=pc&web_id=7005432729274959366,BackToFriends_1,@austineeee_,"48,900",Wholesome/Emotional,0,17.8M,105.3M,17.8,105.3,9/28/2025,back to friends,sombr,Alternative/indie,2025,"""last december""",3:19,1:04 - 1:16,12,93,93,191,77,0.5969,13,13,0.0000,Verse 2
14,https://www.tiktok.com/@zaynazaan1/video/7553903939591113991?is_from_webapp=1&sender_device=pc&web_id=7005432729274959366,BackToFriends_2,@zaynazaan1,"100,200",Wholesome/Emotional,0,13.7M,206.9M,13.7,206.9,9/25/2025,back to friends,sombr,Alternative/indie,2025,"slowed down, ""how can we go""",3:19,2:15 - 2:31,16,,82,,,,23,20,0.1304,Chorus
14,https://www.tiktok.com/@thousandmiles_09/video/7534399227598802194?is_from_webapp=1&sender_device=pc&web_id=7005432729274959366,BackToFriends_3,@thousandmiles_09,"195,600",Wholesome/Emotional,0,11M,57.3M,11,57.3,8/3/2025,back to friends,sombr,Alternative/indie,2025,"slowed down ""i was scared...""",3:19,1:19 - 1:34,15,,84,,,,29,25,0.1379,"Verse 2, Chorus"
14,https://www.tiktok.com/@isabels_flores/video/7507734997646855467?is_from_webapp=1&sender_device=pc&web_id=7005432729274959366,BackToFriends_4,@isabels_flores,"619,100",Aesthetic,0,10M,54.9M,10,54.9,5/23/2025,back to friends,sombr,Alternative/indie,2025,"regular tempo, ""how can we go""",3:19,2:15 - 2:31,16,,93,,,,23,20,0.1304,Chorus
14,https://www.tiktok.com/@aldisyhptraa_/video/7510272057804983557?is_from_webapp=1&sender_device=pc&web_id=7005432729274959366,BackToFriends_5,@aldisyhptraa_,"37,500",Wholesome/Emotional,0,9.7M,50.3M,9.7,50.3,5/30/2025,back to friends,sombr,Alternative/indie,2025,"slowed down ""i was scared...""",3:19,1:19 - 1:34,15,,,,,,,,,
14,https://www.tiktok.com/@iievavsvet/video/7486936862481714454?is_from_webapp=1&sender_device=pc&web_id=7005432729274959366,BackToFriends_6,@iievavsvet,"46,600",Wholesome/Emotional,0,9.1M,47.4M,9.1,47.4,3/28/2025,back to friends,sombr,Alternative/indie,2025,"regular tempo, ""how can we go""",3:19,2:15 - 2:31,16,,,,,,,,,
14,https://www.tiktok.com/@sombr/video/7522965481066646815?is_from_webapp=1&sender_device=pc&web_id=7005432729274959366,BackToFriends_7,@sombr,"5,000,000",Lip Sync,1,6.8M,44.8M,6.8,44.8,7/3/2025,back to friends,sombr,Alternative/indie,2025,"regular temp ""you were laying""",3:19,1:08 - 1:25,17,,93,,,,27,23,0.1481,Verse 2
14,https://www.tiktok.com/@sombr/video/7482143273478311199?is_from_webapp=1&sender_device=pc&web_id=7005432729274959366,BackToFriends_8,@sombr,"5,000,000",Wholesome/Emotional,1,6.2M,33M,6.2,33,3/15/2025,back to friends,sombr,Alternative/indie,2025,"regular tempo, ""how can we go""",3:19,2:15 - 2:31,16,,,,,,,,,
14,https://www.tiktok.com/@not.megaa/video/7503864486638423318?is_from_webapp=1&sender_device=pc&web_id=7005432729274959366,BackToFriends_9,@not.megaa,"212,600",Aesthetic,0,6.2M,33M,6.2,33,5/13/2025,back to friends,sombr,Alternative/indie,2025,"slowed down ""i was scared...""",3:19,1:19 - 1:34,15,,,,,,,,,
14,https://www.tiktok.com/@ponder_sonder/video/7500305340399897887?is_from_webapp=1&sender_device=pc&web_id=7005432729274959366,BackToFriends_10,@ponder_sonder,"56,900",Aesthetic,0,5.6M,30.3M,5.6,30.3,5/3/2025,back to friends,sombr,Alternative/indie,2025,"slowed down ""i was scared...""",3:19,1:19 - 1:34,15,,,,,,,,,
15,https://www.tiktok.com/t/ZTkSJuUbc/,Sparks_1,@storieztold,"254,000",Animals,0,15.1M,92.6M,15.1,92.6,7/22/2024,Sparks,Coldplay,Alternative rock,2000,,3:46,0:53 - 1:10,17,103,103,109,49,0.5505,15,13,0.1333,Verse 1
15,https://www.tiktok.com/t/ZTkSJ3mjM/,Sparks_2,@woofers67,"105,100",Wholesome/Emotional,0,12.2M,94.5M,12.2,94.5,11/19/2025,Sparks,Coldplay,Alternative rock,2000,,3:46,0:39 - 2:59,140,103,103,109,49,0.5505,81,43,0.4691,"Verse 1, Chorus, Verse 2, Chorus, Bridge"
15,https://www.tiktok.com/t/ZTkSeRjVn/,Sparks_3,@alexia.eats,"230,500",Wholesome/Emotional,0,10.8M,56.7M,10.8,56.7,11/16/2025,Sparks,Coldplay,Alternative rock,2000,,3:46,0:53 - 1:54,61,103,103,109,49,0.5505,21,15,0.2857,"Verse 1, Chorus "
15,https://www.tiktok.com/t/ZTkSeXNjD/,Sparks_4,@davdlifts,"4,100,000",Wholesome/Emotional,0,8.8M,112.4M,8.8,112.4,5/20/2025,Sparks,Coldplay,Alternative rock,2000,,3:46,0:53 - 1:54,61,103,103,109,49,0.5505,21,15,0.2857,"Verse 1, Chorus "
15,https://www.tiktok.com/t/ZTkSeHdHQ/,Sparks_5,@tallgrassdiaries,"89,200",Animals,0,6.9M,73.2M,6.9,73.2,11/11/2025,Sparks,Coldplay,Alternative rock,2000,,3:46,0:00 - 2:56,176,103,103,109,49,0.5505,82,44,0.4634,"Verse 1, Chorus, Verse 2, Chorus "
15, https://www.tiktok.com/t/ZTkSeQ67C/,Sparks_6,@bhersheyy,"22,500",Aesthetic,0,6.9M,39.6M,6.9,39.6,10/5/2025,Sparks,Coldplay,Alternative rock,2000,,3:46,0:53 - 1:12,19,103,103,109,49,0.5505,15,13,0.1333,Verse 1
15,https://www.tiktok.com/t/ZTkSd9JAg/,Sparks_7,@whoisscelyy,"13,000",Wholesome/Emotional,0,5.4M,31.4M,,,1/5/2025,Sparks,Coldplay,Alternative rock,2000,,3:46,0:53 - 1:17,24,103,103,109,49,0.5505,18,15,0.1667,"Verse 1, Chorus"
15,https://www.tiktok.com/t/ZTkSdaEMt/,Sparks_8,@thickyvic,"3,478",Aesthetic,0,4.6M,19.9M,,,7/11/2025,Sparks,Coldplay,Alternative rock,2000,Concert audio clip...,3:46,2:18 - 2:33,15,103,103,109,49,0.5505,22,14,0.3636,Verse 2
15,https://www.tiktok.com/t/ZTkSdaGks/,Sparks_9,@not.offical.jank,"4,272",Wholesome/Emotional,0,3.9M,19.9M,,,6/26/2025,Sparks,Coldplay,Alternative rock,2000,Concert audio clip...,3:46,2:18 - 2:33,15,103,103,109,49,0.5505,22,14,0.3636,Verse 2
15,https://www.tiktok.com/t/ZTkSdSJkG/,Sparks_10,@beaunosebones,"2,600,000",Animals,0,3.9M,27.7M,,,8/24/2025,Sparks,Coldplay,Alternative rock,2000,,3:46,0:53 - 1:54,61,103,103,109,49,0.5505,21,15,0.2857,"Verse 1, Chorus "
16,https://www.tiktok.com/@jennyhan/video/7449877349627170094,ThatsSoTrue_1,@jennyhan,"6,100,000",Lip Sync,1,7.2M,48.6M,7.2,48.6,12/18/24,That's So True,Gracie Abrams,Folk-pop,2024,what'd she do,2:46,0:44 - 1:11,27,109,109,,,#DIV/0!,,,#DIV/0!,Verse 2 + Pre-Chorus
16,https://www.tiktok.com/@victoriajustice/video/7445420910644841774,ThatsSoTrue_2,@victoriajustice,"5,700,000",Lip Sync,1,5.4M,36.9M,5.4,36.9,12/6/24,That's So True,Gracie Abrams,Folk-pop,2024,what'd extended,2:46,0:43 - 1:27,44,109,109,,,,,,,Verse 2 + Pre-chorus + Chorus
16,https://www.tiktok.com/@xoghibli/video/7447187042141850885,ThatsSoTrue_3,@xoghibli,"174,000",Edit,0,5.1M,44M,5.1,44,12/11/24,That's So True,Gracie Abrams,Folk-pop,2024,start to endish,2:46,0:00 - 2:14,134,109,109,,,,,,,Verse 1 + Pre-Chorus + Chorus + Verse 2 + Bridge
16,https://www.tiktok.com/@aqeelaaz_/video/7465597019298548997,ThatsSoTrue_4,@aqeelaaz_,"5,600,000",Lip Sync,0,4.6M,52.8M,4.6,52.8,1/30/25,That's So True,Gracie Abrams,Folk-pop,2024,room,2:46,0:35 - 0:41,6,109,109,,,,,,,Chorus
16,https://www.tiktok.com/@emily.blaire/video/7485111498902179079,ThatsSoTrue_5,@emily.blaire,"69,000",Lip Sync,0,4.1M,20.7M,4.1,20.7,3/23/25,That's So True,Gracie Abrams,Folk-pop,2024,what'd she do,2:46,0:43 - 1:06,23,109,109,,,,,,,Verse 2 + Pre-Chorus
16,https://www.tiktok.com/@iamurhope/video/7589958261168688392,ThatsSoTrue_6,@iamurhope,"17,800,000",Edit,1,4.1M,19.9M,4.1,19.9,12/31/25,That's So True,Gracie Abrams,Folk-pop,2024,"""And with that""/ so true",2:46,1:41 - 1:54,13,109,109,,,,,,,Chorus + Bridge
16,https://www.tiktok.com/@tteeniee/video/7443462278688574766,ThatsSoTrue_7,@tteeniee,"39,500",Wholesome/Emotional,0,3.7M,21.5M,3.7,21.5,12/1/24,That's So True,Gracie Abrams,Folk-pop,2024,not my business,2:46,1:05 - 1:26,21,109,109,,,,,,,Pre Chorus + Chorus
16,https://www.tiktok.com/@drkk2023/video/7455847118717177106,ThatsSoTrue_8,@drkk2023,"29,600",Humor,0,3.5M,48.8M,3.5,48.8,1/3/25,That's So True,Gracie Abrams,Folk-pop,2024,What'd short,2:46,0:43 - 0:56,13,109,109,,,,,,,Verse 2
16,https://www.tiktok.com/@charlidamelio/video/7450344932721724718,ThatsSoTrue_9,@charlidamelio,"157,400,000",Lip Sync,1,3.2M,27.3M,3.2,27.3,12/19/24,That's So True,Gracie Abrams,Folk-pop,2024,What'd short,2:46,0:43 - 0:57,14,109,109,,,,,,,Verse 2
16,https://www.tiktok.com/@looooooooch/video/7452619477687995666,ThatsSoTrue_10,@looooooooch,"15,900,000",Lip Sync,1,3.1M,30.1M,3.1,30.1,12/26/24,That's So True,Gracie Abrams,Folk-pop,2024,Sped Up/ so true,2:46,1:42 - 1:54,12,109,119,,,,,,,Chorus + Bridge
17,https://www.tiktok.com/t/ZTkSqgtT5/,LetDown_1,@naomislittlepets,"68,400",Animals,0,7.1M,30.8M,7.1,30.8,10/12/2025,Let Down,Radiohead,Alternative rock,1997,,4:59,3:42 - 4:34,52,102,106,174,75,0.5690,65,37,0.4308,Verse 3 and Chorus
17,https://www.tiktok.com/t/ZTkSbGa49/,LetDown_2,@bigbackedrats,"2,700,000",Humor,0,5.3M,26.4M,5.3,26.4,6/4/2025,Let Down,Radiohead,Alternative rock,1997,,4:59,3:40 - 3:47,7,102,106,174,75,0.5690,7,4,0.4286,Verse 3
17,https://www.tiktok.com/t/ZTkSgym62/,LetDown_3,@carloandsarah,"6,700,000",Wholesome/Emotional,0,5M,37M,5,37,8/18/2025,Let Down,Radiohead,Alternative rock,1997,,4:59,3:40 - 3:52,12,102,106,174,75,0.5690,13,5,0.6154,Verse 3
17,https://www.tiktok.com/t/ZTkSp1Qf8/,LetDown_4,@httpgrl,"5,610",Wholesome/Emotional,0,4.3M,28.4M,4.3,28.4,8/15/2025,Let Down,Radiohead,Alternative rock,1997,,4:59,3:40 - 3:50,10,102,106,174,75,0.5690,13,5,0.6154,Verse 3
17,https://www.tiktok.com/t/ZTkSp8nJ9/,LetDown_5,@niccolocosci,"281,200",Wholesome/Emotional,0,4.1M,24.7M,4.1,24.7,5/24/2025,Let Down,Radiohead,Alternative rock,1997,,4:59,3:40 - 3:47,7,102,106,174,75,0.5690,7,4,0.4286,Verse 3
17,https://www.tiktok.com/t/ZTkSgW9P1/,LetDown_6,@user143202580,"3,599",Wholesome/Emotional,0,4.1M,17.2M,4.1,17.2,8/13/2025,Let Down,Radiohead,Alternative rock,1997,,4:59,3:40 - 3:50,10,102,106,174,75,0.5690,13,5,0.6154,Verse 3
17,https://www.tiktok.com/t/ZTkSprhnb/,LetDown_7,@wherestheloko,"4,219",Animals,0,3.9M,26M,3.9,26,11/6/2025,Let Down,Radiohead,Alternative rock,1997,,4:59,3:51 - 4:03,12,102,106,174,75,0.5690,10,10,0.0000,Verse 3
17,https://www.tiktok.com/t/ZTkSpd4TB/,LetDown_8,@xparisssss,"34,600",Wholesome/Emotional,0,3.8M,14.6M,3.8,14.6,8/15/2025,Let Down,Radiohead,Alternative rock,1997,,4:59,4:00 - 4:10,10,102,106,174,75,0.5690,13,12,0.0769,Verse 3
17,https://www.tiktok.com/t/ZTkSpa1Y8/,LetDown_9,@unknownuser14323,"11,900",Wholesome/Emotional,0,3.7M,23M,3.7,23,9/17/2025,Let Down,Radiohead,Alternative rock,1997,,4:59,3:40 - 3:54,14,102,106,174,75,0.5690,14,5,0.6429,Verse 3
17,https://www.tiktok.com/t/ZTkA1Qxmw/,LetDown_10,@somethingicouldntsay,"1,300,000",Wholesome/Emotional,0,3.6M,23.9M,,,9/8/2025,Let Down,Radiohead,Alternative rock,1997,,4:59,3:40 - 3:54,14,102,106,174,75,0.5690,14,5,0.6429,Verse 3
18,https://www.tiktok.com/t/ZTkQDhdJs/,Suave_1,@ld.1003_,"413,600",Dance,0,4.6M,38.8M,4.6,38.8,5/19/25,Suave,El Alfa,Dembow,2018,,,1:10 - 1:34,24,120,120,414,128,0.6908,62,39,0.3710,"Verse 1, Chorus"
18,https://www.tiktok.com/t/ZTkQDSLhR/,Suave_2,@c.chalita29,"665,800",Dance,0,4.3M,50.6M,4.3,50.6,4/24/25,Suave,El Alfa,Dembow,2018,,,1:10 - 1:25,15,120,120,414,128,0.6908,,,,Verse 1
18,https://www.tiktok.com/t/ZTkQDSPpd/,Suave_3,@barbaramirezzz,"10,400,000",Dance,0,4.2M,41.5M,4.2,41.5,4/20/25,Suave,El Alfa,Dembow,2018,,,1:10 - 1:32,22,120,120,414,128,0.6908,,,,"Verse 1, Chorus"
18,https://www.tiktok.com/t/ZTkQDSA9P/,Suave_4,@kittyandkakai,"7,200,000",Dance,0,3.7M,40.5M,3.7,40.5,4/30/25,Suave,El Alfa,Dembow,2018,,,1:10 - 1:33,23,120,120,414,128,0.6908,,,,"Verse 1, Chorus"
18,https://www.tiktok.com/t/ZTkQUeeaU/,Suave_5,@k_kritsana_,"1,100,000",Humor,0,3.5M,27.5M,3.5,27.5,5/7/25,Suave,El Alfa,Dembow,2018,,,1:10 - 1:20,10,120,120,414,128,0.6908,,,,Verse 1
18,https://www.tiktok.com/t/ZTkQUdCHy/,Suave_6,@gretaadelmonte,"1,400,000",Aesthetic,0,2.8M,30.9M,2.8,30.9,6/25/2025,Suave,El Alfa,Dembow,2018,,,0:59 - 1:12,13,120,120,414,128,0.6908,,,,Verse 1
18,https://www.tiktok.com/t/ZTkQU1Xr3/,Suave_7,@rynielpineda,"4,200,000",Dance,0,2.8M,32.1M,2.8,32.1,5/6/2025,Suave,El Alfa,Dembow,2018,,,1:10 - 1:25,15,120,120,414,128,0.6908,,,,Verse 1
18,https://www.tiktok.com/t/ZTkQDvq8s/,Suave_8,@atom2255,"14,500,000",Humor,0,2.5M,146.6M,2.5,146.6,5/8/2025,Suave,El Alfa,Dembow,2018,,,1:10 - 1:33,23,120,120,414,128,0.6908,,,,"Verse 1, Chorus"
18,https://www.tiktok.com/t/ZTkQDXQqG/,Suave_9,@barbaramirezzz,"10,400,000",Dance,0,2.5M,21.1M,2.5,21.1,4/24/2025,Suave,El Alfa,Dembow,2018,,,1:10 - 1:23,13,120,120,414,128,0.6908,,,,Verse 1
18,https://www.tiktok.com/t/ZTkQUr5ea/,Suave_10,@jxckkk_1,"86,800",Dance,0,2.5M,29.4M,2.5,29.4,4/28/2025,Suave,El Alfa,Dembow,2018,,,1:10 - 1:34,24,120,120,414,128,0.6908,,,,"Verse 1, Chorus"
19,https://www.tiktok.com/t/ZTkQUA9Wb/,MyDarling_1,@vee_vian3,"998,900",Edit,0,2.8M,29.4M,2.8,29.4,4/8/25,My Darling,Chella,Afrobeats,2025,,,0:03 - 0:23,20,115,115,200,66,0.6700,,,#DIV/0!,"Intro, Refrain"
19,https://www.tiktok.com/t/ZTkQUmuPY/,MyDarling_2,@vee_vian3,"998,900",Edit,0,2.3M,31M,2.3,31,4/26/25,My Darling,Chella,Afrobeats,2025,,,0:03 - 0:23,20,115,115,,,,,,,"Intro, Refrain"
19,https://www.tiktok.com/t/ZTkQUHaYN/,MyDarling_3,@therealbossbaby_,"6,900,000",Dance,0,2.0M,32.6M,2,32.6,4/14/25,My Darling,Chella,Afrobeats,2025,,,0:03 - 0:27,24,115,115,,,,,,,"Intro, Refrain, Verse 1"
19,https://www.tiktok.com/t/ZTkQUsYkt/,MyDarling_4,@annapixy,"15,000",Humor,0,1.7M,15.7M,1.7,15.7,5/6/25,My Darling,Chella,Afrobeats,2025,,,0:03 - 0:11,8,115,115,,,,,,,"Intro, Refrain"
19,https://www.tiktok.com/t/ZTkQU7sMJ/,MyDarling_5,@funnylaugh74,"1,200,000",Humor,0,1.3M,25.2M,1.3,25.2,10/1/25,My Darling,Chella,Afrobeats,2025,,,0:03 - 1:04,61,115,115,,,,,,,"Intro, Refrain, Verse 1, Chorus, Refrain"
19,https://www.tiktok.com/t/ZTkQUCAp4/,MyDarling_6,@t_afrokid,"3,000,000",Dance,0,1.3M,16.6M,1.3,16.6,4/1/25,My Darling,Chella,Afrobeats,2025,,,0:03 - 0:27,24,115,115,,,,,,,"Intro, Refrain, Verse 1"
19,https://www.tiktok.com/t/ZTkQUVjbQ/,MyDarling_7,@ghettokids_tfug256,"12,900,000",Aesthetic,0,1.2M,17.5M,1.2,17.5,4/21/25,My Darling,Chella,Afrobeats,2025,,,0:03 - 0:32,29,115,115,,,,,,,"Intro, Refrain, Verse 1"
19,https://www.tiktok.com/t/ZTkQUnFLA/,MyDarling_8,@_ariouuu,"16,100,000",Dance,0,1.1M,20.9M,1.1,20.9,5/18/25,My Darling,Chella,Afrobeats,2025,,,0:03 - 0:18,15,115,115,,,,,,,"Intro, Refrain"
19,https://www.tiktok.com/t/ZTkQU3Hdm/,MyDarling_9,@realpeller,"15,400,000",Dance,0,1.1M,7.7M,1.1,7.7,5/25/25,My Darling,Chella,Afrobeats,2025,,,0:03 - 0:18,15,115,115,,,,,,,"Intro, Refrain"
19,https://www.tiktok.com/t/ZTkQUpmtQ/,MyDarling_10,@crispdal,"13,400,000",Dance,0,1.1M,9.4M,1.1,9.4,4/17/25,My Darling,Chella,Afrobeats,2025,,,0:03 - 0:25,22,115,115,,,,,,,"Intro, Refrain, Verse 1"
20,https://www.tiktok.com/t/ZTkQamRKt/,WeHugNow_1,@emileeegracee_,"11,700",Wholesome/Emotional,0,9.1M,35.5M,9.1,35.5,5/6/25,We Hug Now,Sydney Rose,Alternative/Indie,2025,,,3:19 - 3:27,8,120,,,,#DIV/0!,,,#DIV/0!,
20,https://www.tiktok.com/t/ZTkQaFr8g/,WeHugNow_2,@jess.green17,"9,653",Wholesome/Emotional,0,6.6M,31.5M,6.6,31.5,5/5/25,We Hug Now,Sydney Rose,Alternative/Indie,2025,,,3:19 - 3:27,8,120,,,,,,,,
20,https://www.tiktok.com/t/ZTkQaUAy1/,WeHugNow_3,@clo2.1,"23,600",Animals,0,5.7M,24.3M,5.7,24.3,6/5/25,We Hug Now,Sydney Rose,Alternative/Indie,2025,,,3:19 - 3:34,15,120,,,,,,,,
20,https://www.tiktok.com/t/ZTkQaAmPD/,WeHugNow_4,@chloediane01,"24,700",Wholesome/Emotional,0,4.5M,68.8M,4.5,68.8,7/17/25,We Hug Now,Sydney Rose,Alternative/Indie,2025,,,3:19 - 3:25,6,120,,,,,,,,
20,https://www.tiktok.com/t/ZTkQaFXN5/,WeHugNow_5,@lalaleluu,"6,100,000",Wholesome/Emotional,1,4.4M,18M,4.4,18,6/5/25,We Hug Now,Sydney Rose,Alternative/Indie,2025,,,3:19 - 3:28,9,120,,,,,,,,
20,https://www.tiktok.com/t/ZTkQauK7W/,WeHugNow_6,@nat_21_nicole,"7,118",Wholesome/Emotional,0,4.2M,17.3M,4.2,17.3,5/8/2025,We Hug Now,Sydney Rose,Alternative/Indie,2025,,,3:19 - 3:28,9,120,,,,,,,,
20,https://www.tiktok.com/t/ZTkQaF3DL/,WeHugNow_7,@soph1efergi,"6,300,000",Wholesome/Emotional,1,3.3M,25.9M,3.3,25.9,3/13/25,We Hug Now,Sydney Rose,Alternative/Indie,2025,,,3:20 - 3:37,17,120,,,,,,,,
20,https://www.tiktok.com/t/ZTkQahvJG/,WeHugNow_8,@mia432582,"12,900",Wholesome/Emotional,0,2.9M,21.1M,2.9,21.1,4/5/25,We Hug Now,Sydney Rose,Alternative/Indie,2025,Song is 21 sec but video is 2:25,,3:19 - 3:40,21,120,,,,,,,,
20,https://www.tiktok.com/t/ZTkQamDee/,WeHugNow_9,@piperrockelle,"20,100,000",Wholesome/Emotional,1,2.8M,32.4M,2.8,32.4,3/14/25,We Hug Now,Sydney Rose,Alternative/Indie,2025,,,3:19 - 3:34,15,120,,,,,,,,
20,https://www.tiktok.com/t/ZTkQasnho/,WeHugNow_10,@jelena.remember,"546,900",Wholesome/Emotional,0,2.8M,20.4M,2.8,20.4,5/29/25,We Hug Now,Sydney Rose,Alternative/Indie,2025,Song is 40 sec but video is 0:49,,3:28 - 4:08,40,120,,,,,,,,
,,,,,,,,,,,,,,,,,,,,,,,,,,,,
,,,,,,,,,,,,,,,,,,,,,,,,,,,,
,,,,,,,,,,,,,,,,,,,,,,,,,,,,
,,,,,,,,,,,,,,,,,,,,,,,,,,,,
,,,,,,,,,,,,,,,,,,,,,,,,,,,,
,,,,,,,,,,,,,,,,,,,,,,,,,,,,
,,,,,,,,,,,,,,,,,,,,,,,,,,,,
,,,,,,,,,,,,,,,,,,,,,,,,,,,,
,,,,,,,,,,,,,,,,,,,,,,,,,,,,
,,,,,,,,,,,,,,,,,,,,,,,,,,,,
,,,,,,,,,,,,,,,,,,,,,,,,,,,,
,,,,,,,,,,,,,,,,,,,,,,,,,,,,
,,,,,,,,,,,,,,,,,,,,,,,,,,,,
,,,,,,,,,,,,,,,,,,,,,,,,,,,,
,,,,python tiktok_downloader.2py \,,,,,,,,,,,,,,,,,,,,,,,,
,,,,https://www.tiktok.com/@beth...cast/video/7488521489092726021?_r=1&_t=ZT-95BZLTJiAKU::TeQueriaVer \,,,,,,,,,,,,,,,,,,,,,,,,
,,,,https://www.tiktok.com/t/ZTkBcuHQn/::TeQueriaVer \,,,,,,,,,,,,,,,,,,,,,,,,
,,,,https://www.tiktok.com/t/ZTkBcMMDs/::TeQueriaVer \,,,,,,,,,,,,,,,,,,,,,,,,
,,,,https://www.tiktok.com/t/ZTkBcamvt/::TeQueriaVer \,,,,,,,,,,,,,,,,,,,,,,,,
,,,,https://www.tiktok.com/t/ZTkBcN528/::TeQueriaVer \,,,,,,,,,,,,,,,,,,,,,,,,
,,,,https://www.tiktok.com/t/ZTkBck2rh/::TeQueriaVer \,,,,,,,,,,,,,,,,,,,,,,,,
,,,,https://www.tiktok.com/t/ZTkBcNCVq/::TeQueriaVer \,,,,,,,,,,,,,,,,,,,,,,,,
,,,,https://www.tiktok.com/t/ZTkBcMojK/::TeQueriaVer \,,,,,,,,,,,,,,,,,,,,,,,,
,,,,https://www.tiktok.com/t/ZTkBcjKAD/::TeQueriaVer \,,,,,,,,,,,,,,,,,,,,,,,,
,,,,https://www.tiktok.com/t/ZTkBcu2KT/::TeQueriaVer \,,,,,,,,,,,,,,,,,,,,,,,,
,,,,https://www.tiktok.com/@jennifer.coppen/video/7485991142891261190?_r=1&_t=ZT-95AWH4Qbtzp::StecuStecu \,,,,,,,,,,,,,,,,,,,,,,,,
,,,,https://www.tiktok.com/@jennifer.coppen/video/7490484729775459602::StecuStecu \,,,,,,,,,,,,,,,,,,,,,,,,
,,,,https://www.tiktok.com/@jennifer.coppen/video/7492692270190251269::StecuStecu \,,,,,,,,,,,,,,,,,,,,,,,,
,,,,https://www.tiktok.com/@thebaldys_fam/video/7490197963042458887::StecuStecu \,,,,,,,,,,,,,,,,,,,,,,,,
,,,,https://www.tiktok.com/@flaviozaviera_/video/7490217855015800071::StecuStecu \,,,,,,,,,,,,,,,,,,,,,,,,
,,,,https://www.tiktok.com/@davinakaramoy/video/7491546954745351442::StecuStecu \,,,,,,,,,,,,,,,,,,,,,,,,
,,,,https://www.tiktok.com/@szzuuulaak/video/7490154562121125128::StecuStecu \,,,,,,,,,,,,,,,,,,,,,,,,
,,,,https://www.tiktok.com/@fujiiian/video/7492074055357566215::StecuStecu \,,,,,,,,,,,,,,,,,,,,,,,,
,,,,https://www.tiktok.com/@andrewxbarrett/video/7490073692081294599::StecuStecu \,,,,,,,,,,,,,,,,,,,,,,,,
,,,,https://www.tiktok.com/@concheetah/video/7488926383003979016::StecuStecu \,,,,,,,,,,,,,,,,,,,,,,,,
,,,,https://www.tiktok.com/@willsmith/video/7481699258819693870::Anxiety \,,,,,,,,,,,,,,,,,,,,,,,,
,,,,https://www.tiktok.com/@my4c0re/video/7475110913058622763::Anxiety \,,,,,,,,,,,,,,,,,,,,,,,,
,,,,https://www.tiktok.com/@eat_official5/video/7483054384453111041::Anxiety \,,,,,,,,,,,,,,,,,,,,,,,,
,,,,https://www.tiktok.com/@hbomaxbr/video/7479060321546652933::Anxiety \,,,,,,,,,,,,,,,,,,,,,,,,
,,,,https://www.tiktok.com/@raye/video/7479537744583085334::Anxiety \,,,,,,,,,,,,,,,,,,,,,,,,
,,,,https://www.tiktok.com/@imgustavosena/video/7478426894061358341::Anxiety \,,,,,,,,,,,,,,,,,,,,,,,,
,,,,https://www.tiktok.com/@legohugs/video/7490310692440902943::Anxiety \,,,,,,,,,,,,,,,,,,,,,,,,
,,,,https://www.tiktok.com/@fatima.v.l/video/7480216622511213830::Anxiety \,,,,,,,,,,,,,,,,,,,,,,,,
,,,,https://www.tiktok.com/@rae.revord/video/7483186537467776302::Anxiety \,,,,,,,,,,,,,,,,,,,,,,,,
,,,,https://www.tiktok.com/@satisfyingyourmom/video/7480257680058109227::Anxiety \,,,,,,,,,,,,,,,,,,,,,,,,
,,,,https://www.tiktok.com/@.lara._.888/video/7480603649069026582?_r=1&_t=ZT-95AWGpOgT3F::SailorSong \,,,,,,,,,,,,,,,,,,,,,,,,
,,,,https://www.tiktok.com/@maddyspamms/video/7440114969770839339?_r=1&_t=ZT-95M33ooUnCn::SailorSong \,,,,,,,,,,,,,,,,,,,,,,,,
,,,,https://www.tiktok.com/@cayden_lol/video/7411291930442698026?_r=1&_t=ZT-95M33zJ4NOn::SailorSong \,,,,,,,,,,,,,,,,,,,,,,,,
,,,,https://www.tiktok.com/@cozy.zapas/video/7495676477103557910?_r=1&_t=ZT-95M346wGNqv::SailorSong \,,,,,,,,,,,,,,,,,,,,,,,,
,,,,https://www.tiktok.com/@breannakate04/video/7445534367914413342?_r=1&_t=ZT-95M355wqcHu::SailorSong \,,,,,,,,,,,,,,,,,,,,,,,,
,,,,https://www.tiktok.com/@ainsley999/video/7474369439861886250?_r=1&_t=ZT-95M35Zyx8uL::SailorSong \,,,,,,,,,,,,,,,,,,,,,,,,
,,,,https://www.tiktok.com/@thatblue__2ndgen/video/7407248529036561695?_r=1&_t=ZT-95M36zdJkwH::SailorSong \,,,,,,,,,,,,,,,,,,,,,,,,
,,,,https://www.tiktok.com/@grandadfrankk/video/7455792115981896993?_r=1&_t=ZT-95M36HZoQbl::SailorSong \,,,,,,,,,,,,,,,,,,,,,,,,
,,,,https://www.tiktok.com/@ylanast/video/7439426400588762424?_r=1&_t=ZT-95M37hRlNhm::SailorSong \,,,,,,,,,,,,,,,,,,,,,,,,
,,,,https://www.tiktok.com/@g_flickss/video/7415105638801411370?_r=1&_t=ZT-95M487fK0zu::SailorSong \,,,,,,,,,,,,,,,,,,,,,,,,
,,,,https://www.tiktok.com/@mrbeast/video/7505849400019717406::ShakeItToTheMax \,,,,,,,,,,,,,,,,,,,,,,,,
,,,,https://www.tiktok.com/@iamurhope/video/7499046713152277778::ShakeItToTheMax \,,,,,,,,,,,,,,,,,,,,,,,,
,,,,https://www.tiktok.com/@neafeas/video/7512863113734016274::ShakeItToTheMax \,,,,,,,,,,,,,,,,,,,,,,,,
,,,,https://www.tiktok.com/@sulumotion/video/7499857937783885062::ShakeItToTheMax \,,,,,,,,,,,,,,,,,,,,,,,,
,,,,https://www.tiktok.com/@sofiamins_art/video/7501473416105626882::ShakeItToTheMax \,,,,,,,,,,,,,,,,,,,,,,,,
,,,,https://www.tiktok.com/@nianaguerrero/video/7507657768602586375::ShakeItToTheMax \,,,,,,,,,,,,,,,,,,,,,,,,
,,,,https://www.tiktok.com/@playsidegg/video/7511413105948233016::ShakeItToTheMax \,,,,,,,,,,,,,,,,,,,,,,,,
,,,,https://www.tiktok.com/@barbaramirezzz/video/7489308145542532383::ShakeItToTheMax \,,,,,,,,,,,,,,,,,,,,,,,,
,,,,https://www.tiktok.com/@leegookin/video/7505070383473741063::ShakeItToTheMax \,,,,,,,,,,,,,,,,,,,,,,,,
,,,,https://www.tiktok.com/@collageofus/video/7495006964989185302::ShakeItToTheMax \,,,,,,,,,,,,,,,,,,,,,,,,
,,,,https://www.tiktok.com/t/ZTkhsAGkB/::OceanEyes \,,,,,,,,,,,,,,,,,,,,,,,,
,,,,https://www.tiktok.com/t/ZTkhs9bDD/::OceanEyes \,,,,,,,,,,,,,,,,,,,,,,,,
,,,,https://www.tiktok.com/t/ZTkhnnTdV/::OceanEyes \,,,,,,,,,,,,,,,,,,,,,,,,
,,,,https://www.tiktok.com/t/ZTkhnPrcB/::OceanEyes \,,,,,,,,,,,,,,,,,,,,,,,,
,,,,https://www.tiktok.com/t/ZTkhna3TS/::OceanEyes \,,,,,,,,,,,,,,,,,,,,,,,,
,,,,https://www.tiktok.com/t/ZTkhn5RX6/::OceanEyes \,,,,,,,,,,,,,,,,,,,,,,,,
,,,,https://www.tiktok.com/t/ZTkhn5mXC/::OceanEyes \,,,,,,,,,,,,,,,,,,,,,,,,
,,,,https://www.tiktok.com/t/ZTkhnP3vg/::OceanEyes \,,,,,,,,,,,,,,,,,,,,,,,,
,,,,https://www.tiktok.com/@oliver6060/video/7549223301264969015?is_from_webapp=1&sender_device=pc::OceanEyes \,,,,,,,,,,,,,,,,,,,,,,,,
,,,,https://www.tiktok.com/@ralphie_archie/video/7235064462284164354?is_from_webapp=1&sender_device=pc::OceanEyes \,,,,,,,,,,,,,,,,,,,,,,,,
,,,,https://www.tiktok.com/t/ZTkks1Bnk/::NoOneNoticed \,,,,,,,,,,,,,,,,,,,,,,,,
,,,,https://www.tiktok.com/t/ZTkksfgTr/::NoOneNoticed \,,,,,,,,,,,,,,,,,,,,,,,,
,,,,https://www.tiktok.com/t/ZTkksPXut/::NoOneNoticed \,,,,,,,,,,,,,,,,,,,,,,,,
,,,,https://www.tiktok.com/t/ZTkkshkwk/::NoOneNoticed \,,,,,,,,,,,,,,,,,,,,,,,,
,,,,https://www.tiktok.com/t/ZTkks4nmY/::NoOneNoticed \,,,,,,,,,,,,,,,,,,,,,,,,
,,,,https://www.tiktok.com/t/ZTkksbD1H/::NoOneNoticed \,,,,,,,,,,,,,,,,,,,,,,,,
,,,,https://www.tiktok.com/t/ZTkksooCS/::NoOneNoticed \,,,,,,,,,,,,,,,,,,,,,,,,
,,,,https://www.tiktok.com/t/ZTkkGXTRr/::NoOneNoticed \,,,,,,,,,,,,,,,,,,,,,,,,
,,,,https://www.tiktok.com/t/ZTkkGWjJt/::NoOneNoticed \,,,,,,,,,,,,,,,,,,,,,,,,
,,,,https://www.tiktok.com/t/ZTkkp3VRX/::NoOneNoticed \,,,,,,,,,,,,,,,,,,,,,,,,
,,,,https://www.tiktok.com/@austineeee_/video/7555170953857109255?is_from_webapp=1&sender_device=pc&web_id=7005432729274959366::BackToFriends \,,,,,,,,,,,,,,,,,,,,,,,,
,,,,https://www.tiktok.com/@zaynazaan1/video/7553903939591113991?is_from_webapp=1&sender_device=pc&web_id=7005432729274959366::BackToFriends \,,,,,,,,,,,,,,,,,,,,,,,,
,,,,https://www.tiktok.com/@thousandmiles_09/video/7534399227598802194?is_from_webapp=1&sender_device=pc&web_id=7005432729274959366::BackToFriends \,,,,,,,,,,,,,,,,,,,,,,,,
,,,,https://www.tiktok.com/@isabels_flores/video/7507734997646855467?is_from_webapp=1&sender_device=pc&web_id=7005432729274959366::BackToFriends \,,,,,,,,,,,,,,,,,,,,,,,,
,,,,https://www.tiktok.com/@aldisyhptraa_/video/7510272057804983557?is_from_webapp=1&sender_device=pc&web_id=7005432729274959366::BackToFriends \,,,,,,,,,,,,,,,,,,,,,,,,
,,,,https://www.tiktok.com/@iievavsvet/video/7486936862481714454?is_from_webapp=1&sender_device=pc&web_id=7005432729274959366::BackToFriends \,,,,,,,,,,,,,,,,,,,,,,,,
,,,,https://www.tiktok.com/@sombr/video/7522965481066646815?is_from_webapp=1&sender_device=pc&web_id=7005432729274959366::BackToFriends \,,,,,,,,,,,,,,,,,,,,,,,,
,,,,https://www.tiktok.com/@sombr/video/7482143273478311199?is_from_webapp=1&sender_device=pc&web_id=7005432729274959366::BackToFriends \,,,,,,,,,,,,,,,,,,,,,,,,
,,,,https://www.tiktok.com/@not.megaa/video/7503864486638423318?is_from_webapp=1&sender_device=pc&web_id=7005432729274959366::BackToFriends \,,,,,,,,,,,,,,,,,,,,,,,,
,,,,https://www.tiktok.com/@ponder_sonder/video/7500305340399897887?is_from_webapp=1&sender_device=pc&web_id=7005432729274959366::BackToFriends \,,,,,,,,,,,,,,,,,,,,,,,,
,,,,https://www.tiktok.com/t/ZTkSJuUbc/::Sparks \,,,,,,,,,,,,,,,,,,,,,,,,
,,,,https://www.tiktok.com/t/ZTkSJ3mjM/::Sparks \,,,,,,,,,,,,,,,,,,,,,,,,
,,,,https://www.tiktok.com/t/ZTkSeRjVn/::Sparks \,,,,,,,,,,,,,,,,,,,,,,,,
,,,,https://www.tiktok.com/t/ZTkSeXNjD/::Sparks \,,,,,,,,,,,,,,,,,,,,,,,,
,,,,https://www.tiktok.com/t/ZTkSeHdHQ/::Sparks \,,,,,,,,,,,,,,,,,,,,,,,,
,,,,https://www.tiktok.com/t/ZTkSeQ67C/::Sparks \,,,,,,,,,,,,,,,,,,,,,,,,
,,,,https://www.tiktok.com/t/ZTkSd9JAg/::Sparks \,,,,,,,,,,,,,,,,,,,,,,,,
,,,,https://www.tiktok.com/t/ZTkSdaEMt/::Sparks \,,,,,,,,,,,,,,,,,,,,,,,,
,,,,https://www.tiktok.com/t/ZTkSdaGks/::Sparks \,,,,,,,,,,,,,,,,,,,,,,,,
,,,,https://www.tiktok.com/t/ZTkSdSJkG/::Sparks \,,,,,,,,,,,,,,,,,,,,,,,,
,,,,https://www.tiktok.com/@jennyhan/video/7449877349627170094::ThatsSoTrue \,,,,,,,,,,,,,,,,,,,,,,,,
,,,,https://www.tiktok.com/@victoriajustice/video/7445420910644841774::ThatsSoTrue \,,,,,,,,,,,,,,,,,,,,,,,,
,,,,https://www.tiktok.com/@xoghibli/video/7447187042141850885::ThatsSoTrue \,,,,,,,,,,,,,,,,,,,,,,,,
,,,,https://www.tiktok.com/@aqeelaaz_/video/7465597019298548997::ThatsSoTrue \,,,,,,,,,,,,,,,,,,,,,,,,
,,,,https://www.tiktok.com/@emily.blaire/video/7485111498902179079::ThatsSoTrue \,,,,,,,,,,,,,,,,,,,,,,,,
,,,,https://www.tiktok.com/@iamurhope/video/7589958261168688392::ThatsSoTrue \,,,,,,,,,,,,,,,,,,,,,,,,
,,,,https://www.tiktok.com/@tteeniee/video/7443462278688574766::ThatsSoTrue \,,,,,,,,,,,,,,,,,,,,,,,,
,,,,https://www.tiktok.com/@drkk2023/video/7455847118717177106::ThatsSoTrue \,,,,,,,,,,,,,,,,,,,,,,,,
,,,,https://www.tiktok.com/@charlidamelio/video/7450344932721724718::ThatsSoTrue \,,,,,,,,,,,,,,,,,,,,,,,,
,,,,https://www.tiktok.com/@looooooooch/video/7452619477687995666::ThatsSoTrue \,,,,,,,,,,,,,,,,,,,,,,,,
,,,,https://www.tiktok.com/t/ZTkSqgtT5/::LetDown \,,,,,,,,,,,,,,,,,,,,,,,,
,,,,https://www.tiktok.com/t/ZTkSbGa49/::LetDown \,,,,,,,,,,,,,,,,,,,,,,,,
,,,,https://www.tiktok.com/t/ZTkSgym62/::LetDown \,,,,,,,,,,,,,,,,,,,,,,,,
,,,,https://www.tiktok.com/t/ZTkSp1Qf8/::LetDown \,,,,,,,,,,,,,,,,,,,,,,,,
,,,,https://www.tiktok.com/t/ZTkSp8nJ9/::LetDown \,,,,,,,,,,,,,,,,,,,,,,,,
,,,,https://www.tiktok.com/t/ZTkSgW9P1/::LetDown \,,,,,,,,,,,,,,,,,,,,,,,,
,,,,https://www.tiktok.com/t/ZTkSprhnb/::LetDown \,,,,,,,,,,,,,,,,,,,,,,,,
,,,,https://www.tiktok.com/t/ZTkSpd4TB/::LetDown \,,,,,,,,,,,,,,,,,,,,,,,,
,,,,https://www.tiktok.com/t/ZTkSpa1Y8/::LetDown \,,,,,,,,,,,,,,,,,,,,,,,,
,,,,https://www.tiktok.com/t/ZTkA1Qxmw/::LetDown \,,,,,,,,,,,,,,,,,,,,,,,,
,,,,https://www.tiktok.com/t/ZTkQDhdJs/::Suave \,,,,,,,,,,,,,,,,,,,,,,,,
,,,,https://www.tiktok.com/t/ZTkQDSLhR/::Suave \,,,,,,,,,,,,,,,,,,,,,,,,
,,,,https://www.tiktok.com/t/ZTkQDSPpd/::Suave \,,,,,,,,,,,,,,,,,,,,,,,,
,,,,https://www.tiktok.com/t/ZTkQDSA9P/::Suave \,,,,,,,,,,,,,,,,,,,,,,,,
,,,,https://www.tiktok.com/t/ZTkQUeeaU/::Suave \,,,,,,,,,,,,,,,,,,,,,,,,
,,,,https://www.tiktok.com/t/ZTkQUdCHy/::Suave \,,,,,,,,,,,,,,,,,,,,,,,,
,,,,https://www.tiktok.com/t/ZTkQU1Xr3/::Suave \,,,,,,,,,,,,,,,,,,,,,,,,
,,,,https://www.tiktok.com/t/ZTkQDvq8s/::Suave \,,,,,,,,,,,,,,,,,,,,,,,,
,,,,https://www.tiktok.com/t/ZTkQDXQqG/::Suave \,,,,,,,,,,,,,,,,,,,,,,,,
,,,,https://www.tiktok.com/t/ZTkQUr5ea/::Suave \,,,,,,,,,,,,,,,,,,,,,,,,
,,,,https://www.tiktok.com/t/ZTkQUA9Wb/::MyDarling \,,,,,,,,,,,,,,,,,,,,,,,,
,,,,https://www.tiktok.com/t/ZTkQUmuPY/::MyDarling \,,,,,,,,,,,,,,,,,,,,,,,,
,,,,https://www.tiktok.com/t/ZTkQUHaYN/::MyDarling \,,,,,,,,,,,,,,,,,,,,,,,,
,,,,https://www.tiktok.com/t/ZTkQUsYkt/::MyDarling \,,,,,,,,,,,,,,,,,,,,,,,,
,,,,https://www.tiktok.com/t/ZTkQU7sMJ/::MyDarling \,,,,,,,,,,,,,,,,,,,,,,,,
,,,,https://www.tiktok.com/t/ZTkQUCAp4/::MyDarling \,,,,,,,,,,,,,,,,,,,,,,,,
,,,,https://www.tiktok.com/t/ZTkQUVjbQ/::MyDarling \,,,,,,,,,,,,,,,,,,,,,,,,
,,,,https://www.tiktok.com/t/ZTkQUnFLA/::MyDarling \,,,,,,,,,,,,,,,,,,,,,,,,
,,,,https://www.tiktok.com/t/ZTkQU3Hdm/::MyDarling \,,,,,,,,,,,,,,,,,,,,,,,,
,,,,https://www.tiktok.com/t/ZTkQUpmtQ/::MyDarling \,,,,,,,,,,,,,,,,,,,,,,,,
,,,,https://www.tiktok.com/t/ZTkQamRKt/::WeHugNow \,,,,,,,,,,,,,,,,,,,,,,,,
,,,,https://www.tiktok.com/t/ZTkQaFr8g/::WeHugNow \,,,,,,,,,,,,,,,,,,,,,,,,
,,,,https://www.tiktok.com/t/ZTkQaUAy1/::WeHugNow \,,,,,,,,,,,,,,,,,,,,,,,,
,,,,https://www.tiktok.com/t/ZTkQaAmPD/::WeHugNow \,,,,,,,,,,,,,,,,,,,,,,,,
,,,,https://www.tiktok.com/t/ZTkQaFXN5/::WeHugNow \,,,,,,,,,,,,,,,,,,,,,,,,
,,,,https://www.tiktok.com/t/ZTkQauK7W/::WeHugNow \,,,,,,,,,,,,,,,,,,,,,,,,
,,,,https://www.tiktok.com/t/ZTkQaF3DL/::WeHugNow \,,,,,,,,,,,,,,,,,,,,,,,,
,,,,https://www.tiktok.com/t/ZTkQahvJG/::WeHugNow \,,,,,,,,,,,,,,,,,,,,,,,,
,,,,https://www.tiktok.com/t/ZTkQamDee/::WeHugNow \,,,,,,,,,,,,,,,,,,,,,,,,
,,,,https://www.tiktok.com/t/ZTkQasnho/::WeHugNow,,,,,,,,,,,,,,,,,,,,,,,,